{"cameraMode":{"drawMode":0,"name":"Shaded","section":"Shading Mode"},"sceneLighting":true,"audioPlay":false,"sceneViewState":{"showFog":true,"showMaterialUpdate":false,"showSkybox":true,"showFlares":true,"showImageEffects":true,"showParticleSystems":true},"in2DMode":false,"pivot":{"x":-28.34981918334961,"y":7.517050743103027,"z":-0.41975831985473635},"rotation":{"x":0.46868687868118288,"y":-0.3118366003036499,"z":0.18124781548976899,"w":0.8063769936561585},"size":8.993873596191407,"orthographic":false}