{"cameraMode":{"drawMode":0,"name":"Shaded","section":"Shading Mode"},"sceneLighting":true,"audioPlay":false,"sceneViewState":{"showFog":true,"showMaterialUpdate":false,"showSkybox":false,"showFlares":true,"showImageEffects":true,"showParticleSystems":true},"in2DMode":false,"pivot":{"x":-7.989999771118164,"y":1.3199999332427979,"z":-10.550000190734864},"rotation":{"x":0.18433301150798798,"y":-0.6940789818763733,"z":0.19120194017887116,"w":0.6691403388977051},"size":11.609936714172364,"orthographic":false}