{"cameraMode":{"drawMode":0,"name":"Shaded","section":"Shading Mode"},"sceneLighting":false,"audioPlay":false,"sceneViewState":{"showFog":true,"showMaterialUpdate":false,"showSkybox":false,"showFlares":true,"showImageEffects":true,"showParticleSystems":true},"in2DMode":false,"pivot":{"x":-21.940000534057618,"y":1.2399998903274537,"z":-8.960000038146973},"rotation":{"x":0.18433301150798798,"y":-0.6940789818763733,"z":0.19120194017887116,"w":0.6691403388977051},"size":8.66025447845459,"orthographic":false}