{"cameraMode":{"drawMode":0,"name":"Shaded","section":"Shading Mode"},"sceneLighting":true,"audioPlay":false,"sceneViewState":{"showFog":true,"showMaterialUpdate":false,"showSkybox":true,"showFlares":true,"showImageEffects":true,"showParticleSystems":true},"in2DMode":false,"pivot":{"x":-8.394804000854493,"y":-4.710784912109375,"z":19.48512840270996},"rotation":{"x":0.08587124198675156,"y":-0.8951361775398254,"z":0.19670279324054719,"w":0.3907642960548401},"size":38.608097076416019,"orthographic":false}