{"cameraMode":{"drawMode":0,"name":"Shaded","section":"Shading Mode"},"sceneLighting":false,"audioPlay":false,"sceneViewState":{"showFog":true,"showMaterialUpdate":false,"showSkybox":false,"showFlares":true,"showImageEffects":true,"showParticleSystems":true},"in2DMode":false,"pivot":{"x":-21.360000610351564,"y":1.190000057220459,"z":-12.899999618530274},"rotation":{"x":0.18433301150798798,"y":-0.6940789818763733,"z":0.19120194017887116,"w":0.6691403388977051},"size":8.66025447845459,"orthographic":false}