{"cameraMode":{"drawMode":0,"name":"Shaded","section":"Shading Mode"},"sceneLighting":false,"audioPlay":false,"sceneViewState":{"showFog":true,"showMaterialUpdate":false,"showSkybox":false,"showFlares":true,"showImageEffects":true,"showParticleSystems":true},"in2DMode":false,"pivot":{"x":8.060554504394532,"y":0.8014907836914063,"z":16.019384384155275},"rotation":{"x":0.20066912472248078,"y":-0.06548250466585159,"z":0.013444671407341957,"w":0.9773761034011841},"size":16.20549964904785,"orthographic":false}