{"cameraMode":{"drawMode":0,"name":"Shaded","section":"Shading Mode"},"sceneLighting":true,"audioPlay":false,"sceneViewState":{"showFog":true,"showMaterialUpdate":false,"showSkybox":false,"showFlares":true,"showImageEffects":true,"showParticleSystems":true},"in2DMode":false,"pivot":{"x":1.9000000953674317,"y":1.4600000381469727,"z":7.600000381469727},"rotation":{"x":0.18433301150798798,"y":-0.6940789818763733,"z":0.19120194017887116,"w":0.6691403388977051},"size":8.66025447845459,"orthographic":false}